id;last_name;first_name;date_of_birth;city_of_birth;country_of_birth;nationality;mother_last_name;mother_first_name;wife_last_name;wife_first_name;family_status_label;country_of_residence;city;address_line;phone_number;email;id_paper_type;id_paper_number;id_paper_delivery_date;id_paper_delivery_place;id_paper_validity_date;profession_category;profession;employer;income_amount
1;Gerlach;Reece;that finally;stitcher brr psst;not;ugh;doorpost;tensely uh-huh across;whenever ouch;once refine which;ha meanwhile;once wallaby ugh;South Hailee;psst favorite gadzooks;dim self-reliant boldly;Ansel.Marvin70@gmail.com;table under boohoo;powerfully;nightlife buttery soybean;like;foretell repurpose;exactly beside before;ignite;mockingly vista;31240.97
2;Murphy;Theresa;honestly;forenenst duh smuggle;worriedly yowza disconnection;nor till so;or although meanwhile;ouch simple;meh beside fiercely;yet pile;er regal gadzooks;spherical bah whitewash;East Harveyfort;exaggerate although;whose wherever;Jacinthe.Kreiger78@hotmail.com;after lawful spanish;heartfelt without by;able vista molasses;executor;couch duh fatally;playfully tenderly;unwelcome yet sans;till whoever tributary;32629.91
3;Rau;Erick;between;smug like;though after;loyalty;inasmuch per;pfft instead tomorrow;ack premier nearly;circa;into industrialize;fooey gah brightly;North Highlands;reorganisation;bashfully;Eleanora33@hotmail.com;faraway;defendant after;brisk frizzy;doting daintily;that redound aha;finger however culture;diligently pish emotional;against off circa;18054.08
4;VonRueden;Karlie;miscalculate;ah which;doorpost;hmph gleaming;ew;gee energetically;but but;splurge quietly;fortunately;dulcimer apropos likely;Paulfield;before;unethically;Casimir_Kovacek69@gmail.com;over;unimpressively although;whoever certainly vivaciously;definite redress ha;till how;phooey than bouncy;finally keenly;following regarding;25634.56
5;Kreiger;Marcella;cardboard;bah conservation worth;mindless;pleasure;uh-huh ugh;geez tuxedo some;whine;athwart;powerfully coin;absent;Blancheborough;kindly;accidentally;Kattie_McLaughlin@gmail.com;apprehensive what;advocate regular velocity;crazy yawningly yawningly;secrecy whenever longboat;inasmuch distinction eek;profane;searchingly potentially question;jell aching;16496.66
6;VonRueden;Adolphus;qua rebel redact;plugin behind before;sturdy heavy till;honored;yum uh-huh;incidentally absent;thread however;fork zowie;acclaimed aha violently;into forearm;Ziemehaven;lumpy;treble;Gwendolyn_Hirthe84@gmail.com;apropos internationalize;measly near;ouch demob;through;sick come naughty;blah till inside;machine aged thoughtfully;abaft;18227.93
7;O'Hara;Elda;supposing;fooey deafening dandelion;home;across;distinct under loosely;up officially relaunch;onto;pish function;especially psst;given anxiously;Schusterview;till;owlishly;Lula.Jerde@gmail.com;furthermore whack entrench;gee;gah;wallop;thoughtfully;smoothly guard;crumble;personal rusty;29675.09
8;Jacobi;Riley;before dock;academics mid onset;hence;why gummy;outdo merit catch;dilate dimly;via subdued;symbolise;regularly while;midst flimsy;Herzogcester;provider;sedately;Ellis69@yahoo.com;glider astride;ugh aside;for;obediently;vivid sentimental;surge braid provided;guard so;rim consequently;8803
9;Heller;Alfreda;vivaciously;rag shocked;accompanist;while;including specific;numb;for thyme daintily;blaring where quaintly;past;precious;Huntington Park;winding doodle furthermore;loyally loaf;Alec21@yahoo.com;citizen;between;anenst since tempting;stock roundabout;glass pfft;acidly yum grumpy;gray;willfully save limp;25212.92
10;Schmidt;Jacinthe;federate;bungalow;intermarry;crowded famously unaccountably;toaster instead;yahoo stir-fry whoever;along;frizzy unlike;light through;monthly um;New Jackeline;puritan;miscalculate;Preston_Bradtke-Howell58@yahoo.com;blend;if;aha calmly elegant;woot jovially muted;on by memorise;now besides curse;meh dim for;yowza small;13730.67
